supplier_id,supplier_name,kra_pin,incorporation_date,location,company_size,credit_score
1,Johnson Face Ventures,P362950628O,2022-05-27,Lake Curtis,Large,406
2,Gardner Performance Group,P553035110C,2023-06-01,North Jefferyhaven,Small,421
3,Hoffman Sense Enterprise,P797808098S,2022-01-11,Robinsonshire,Small,758
4,Booth Song Group,P965241839K,2018-10-16,Petersonberg,Medium,430
5,Gallagher Blue Agencies,P199585092Y,2018-02-28,West Melanieview,Small,643
6,Blair Not Ventures,P234031070Y,2024-01-30,New Kellystad,Large,685
7,Bush Answer Ventures,P810026086O,2021-10-13,Traciebury,Small,759
8,James Long Limited,P782560971X,2024-09-03,West Michael,Small,774
9,Miles Result Enterprise,P795822698E,2022-09-17,New Jessica,Small,775
10,Gray Wish Ventures,P787194506S,2017-08-22,Lake Mark,Small,489
11,Brown Term Agencies,P134467368Z,2023-09-10,Richardland,Medium,543
12,Hahn Under Ltd,P870854579U,2018-02-12,Lake Victor,Small,320
13,Day Character Ltd,P384412919I,2024-11-08,Lake Anna,Small,687
14,Richards Water Ltd,P726563708Z,2018-08-20,Jeffreyberg,Large,541
15,Davis Anyone Limited,P217734861J,2021-02-07,Port Erin,Small,639
16,Cruz Pick Ventures,P602564736H,2021-12-21,Tashatown,Small,754
17,Wilson Value Ventures,P676567501W,2022-10-24,Kaylamouth,Small,334
18,Graham Long Agencies,P103484630U,2017-02-14,Teresaburgh,Small,687
19,Rodriguez Process Limited,P420452650O,2021-01-31,East Nathaniel,Small,405
20,Ashley Win Ventures,P669462919A,2017-08-16,Tracyville,Small,701
21,Koch Theory Limited,P966267851T,2025-04-19,North John,Small,501
22,Miller Sign Agencies,P621828280E,2021-09-06,East Donna,Large,570
23,Martin News Agencies,P751325257B,2025-06-23,New Karina,Small,595
24,Marquez Inside Group,P821218382P,2022-11-28,Samuelhaven,Small,637
25,Wright Attack Group,P463016614B,2020-07-10,New Jeffrey,Small,516
26,Welch Drop Ventures,P172370545C,2016-09-19,Chadbury,Medium,792
27,Washington Notice Ltd,P242068763U,2018-10-17,Sanchezfort,Small,364
28,Lee Bill Ltd,P807577342B,2024-01-31,Rodneymouth,Large,643
29,Brown Ready Ltd,P793830224G,2024-08-24,South Jessicaville,Small,771
30,Lee List Enterprise,P250519597B,2018-06-30,West Steven,Small,691
31,Jones System Enterprise,P690907304G,2024-10-02,Lake Yvettetown,Medium,678
32,House Time Group,P353810544K,2025-09-12,Tuckerborough,Large,340
33,Barrera Community Ventures,P506919288A,2024-08-27,Bakermouth,Medium,332
34,Horton Side Agencies,P941128035J,2018-11-11,Mooreport,Small,398
35,Brown Simply Ventures,P682177668D,2018-03-09,Brianshire,Medium,846
36,Calhoun Nice Ltd,P269042105D,2020-10-10,Port Jacobland,Small,761
37,Young Call Enterprise,P711684318P,2022-10-05,New Christophershire,Medium,517
38,Stewart Every Agencies,P319321646Q,2021-08-29,Johnfurt,Small,692
39,Brewer Lot Limited,P439492674W,2017-04-26,North Stephenshire,Small,760
40,Jones Different Enterprise,P643189555Q,2025-12-20,West Nicole,Small,540
41,Wood Coach Ventures,P570497096I,2024-10-19,Cherylhaven,Small,784
42,Montoya Firm Group,P812308209G,2016-02-01,West Darrell,Small,840
43,Tran Expert Ventures,P402533494M,2017-01-29,Lake Matthew,Large,542
44,Farrell Mouth Agencies,P624557080Q,2022-11-19,North Cynthiaview,Medium,327
45,Cook Case Ventures,P784095277Q,2016-06-13,Lake Scott,Small,630
46,Hoffman Brother Limited,P180792472S,2023-01-24,New Barry,Small,772
47,Tran Law Agencies,P236843584C,2019-09-13,Michaelton,Small,676
48,Clark Enjoy Enterprise,P816114302G,2024-12-30,Kimberlychester,Small,558
49,Brady Wish Agencies,P354194771K,2025-09-30,South Angel,Small,617
50,Cook Word Group,P542073642Z,2023-05-17,West Erik,Medium,533
51,Reyes American Ventures,P605399561O,2023-01-08,Port Samantha,Small,673
52,Hoover Try Ltd,P344378798O,2019-07-04,Lake Jamesmouth,Small,796
53,Jones Spring Limited,P399708182W,2018-10-17,Frazierside,Large,809
54,Johnson Understand Limited,P380477683L,2019-04-27,Benjaminchester,Medium,380
55,Hartman Least Enterprise,P750911797G,2019-06-19,South Rachelborough,Medium,519
56,Fletcher Ability Agencies,P658260221Z,2018-07-22,West Ryan,Small,524
57,Mccall Price Ltd,P437064353Q,2025-07-01,Lake Rachelhaven,Small,429
58,Ortiz Interesting Group,P848621833S,2019-02-06,East Robert,Small,715
59,Byrd Weight Ventures,P286860433N,2025-05-31,Richardtown,Small,483
60,Clark Stock Enterprise,P722753913M,2019-01-18,Stevenmouth,Small,593
61,Dixon Student Group,P954725078V,2022-10-07,Lake Christopher,Medium,497
62,Schultz Government Agencies,P200273738W,2021-02-28,Lake Lance,Small,443
63,Hernandez Any Ltd,P362897676E,2024-01-28,South Robertshire,Small,486
64,Horton Miss Agencies,P529123992P,2017-12-14,Lake Grace,Medium,702
65,Dalton Value Limited,P214447237X,2024-12-07,Robinsonhaven,Small,446
66,Grant Whose Ventures,P230307805D,2020-08-27,Port Steven,Medium,788
67,Hansen Free Ltd,P910943524C,2021-04-27,Rivasside,Small,637
68,Moore Training Ltd,P609677794C,2020-06-19,Karenview,Medium,772
69,Boyd Produce Limited,P356888294R,2023-09-01,Jonesport,Large,597
70,Rogers Walk Enterprise,P679984033F,2018-05-09,East Jesse,Small,443
71,Mccarthy Attack Limited,P545461013A,2022-12-12,Amychester,Large,301
72,Wall Improve Ltd,P926561919L,2016-08-18,Port Nicoleshire,Small,752
73,Smith He Group,P420632895W,2019-10-24,Castanedachester,Medium,308
74,Navarro Such Ltd,P747737533O,2021-05-23,Robinsonchester,Small,507
75,Price Relate Enterprise,P829223044Z,2020-11-12,Ramseymouth,Medium,353
76,Hooper None Ltd,P128955006Z,2025-03-16,North Dawnberg,Medium,719
77,White Ever Agencies,P507059676U,2024-09-04,South Mark,Medium,553
78,Gray Soldier Enterprise,P993271900A,2023-08-15,Maryfort,Small,772
79,Ryan Hard Enterprise,P340756713P,2016-03-14,Port Susanton,Large,637
80,Herring Decision Limited,P121882877N,2023-07-21,East David,Medium,460
81,Elliott Discover Ventures,P599326438S,2022-09-14,Katieburgh,Small,576
82,Stuart Serious Ventures,P222978730X,2022-01-25,West Daniel,Small,691
83,Collins Research Enterprise,P502982778Z,2016-04-06,North Brittany,Medium,332
84,Sanchez Same Ventures,P929445037T,2024-04-25,Port Tonyaton,Small,769
85,Patterson Hospital Agencies,P174041730G,2019-06-25,Alexanderchester,Small,337
86,Garcia High Agencies,P782454310D,2024-03-25,South Gregory,Small,737
87,Santos Power Enterprise,P967797300I,2021-03-23,Marshallshire,Small,576
88,Christian Then Agencies,P193053577R,2018-09-10,Sanchezmouth,Medium,780
89,Barnett Great Group,P130816384F,2021-09-15,Hunterborough,Small,815
90,Green Far Enterprise,P740116562S,2019-07-23,Angelahaven,Medium,811
91,Miller Service Ltd,P536398872F,2025-06-28,Lake Thomas,Large,457
92,West Adult Group,P199915275S,2023-02-16,South Heather,Small,817
93,Perkins Material Enterprise,P694287057H,2019-01-26,Ronaldside,Medium,336
94,Warner Experience Group,P429233929Q,2019-04-26,North Jennifer,Small,480
95,Newton Sound Enterprise,P841057474L,2019-03-01,East Joanna,Large,415
96,Lawrence Soon Group,P663324548M,2018-10-10,Tinaborough,Small,460
97,Ward Five Enterprise,P115191689T,2018-12-21,West Brandon,Small,622
98,Carter Yet Agencies,P235591568O,2016-07-21,Garciatown,Small,587
99,Harrison Let Agencies,P465830215L,2021-10-01,West Shelleyfort,Small,454
100,Jones Million Limited,P179545125K,2017-02-23,East Edwardshire,Medium,403
101,Miller Energy Ltd,P227186396J,2025-07-02,Obrienbury,Small,545
102,James When Group,P575368059T,2023-10-07,Torreston,Small,837
103,Singh Yourself Enterprise,P918982730N,2022-02-07,West Donna,Small,707
104,Thompson Bad Group,P268075622A,2017-07-30,Hayesfort,Small,335
105,Hall Seat Group,P403566540S,2018-12-02,Jonesbury,Small,811
106,French Process Agencies,P733281747Q,2025-04-01,South Danny,Medium,770
107,Hernandez Exactly Ventures,P987588450J,2018-04-04,North Gabrielport,Small,350
108,Holloway Will Ltd,P409893263C,2021-12-16,South Haleyfurt,Small,489
109,Mason Minute Group,P570040006F,2025-06-08,South Jessicaview,Medium,641
110,Perez Represent Ltd,P997603725K,2016-04-07,Port Emilyview,Small,353
111,Hines Continue Enterprise,P605196410H,2021-10-09,Moonburgh,Small,563
112,Graham Teach Group,P627986559F,2025-12-23,Baileymouth,Small,304
113,Garcia College Ventures,P454123990A,2019-03-21,Robertsfurt,Medium,649
114,Pierce Look Enterprise,P194553481U,2024-02-22,Marcusfurt,Medium,568
115,Bryan Ability Limited,P806157458I,2024-08-28,Gutierrezborough,Small,419
116,Dean Moment Enterprise,P771527524C,2021-03-11,East Josephberg,Small,645
117,Kim Say Group,P620455331H,2025-04-14,Lake Chelseabury,Small,426
118,Collins Address Ltd,P692975437A,2023-02-08,East Victoriaville,Medium,357
119,Wilson There Limited,P265325235F,2020-08-15,Williamview,Small,395
120,Olson Marriage Agencies,P361704064D,2020-02-29,South James,Small,787
121,Francis Century Group,P174958005R,2022-01-01,Morganhaven,Small,571
122,Smith She Group,P420571903L,2018-09-05,Grimesmouth,Medium,746
123,Reed Old Group,P919128302I,2021-05-24,Gibsonmouth,Medium,546
124,Pollard Edge Enterprise,P713963047Y,2024-09-14,Port Kimberly,Small,734
125,Garner Season Group,P971243675Y,2016-06-11,Mcneilberg,Small,584
126,Johnson Morning Agencies,P733701411V,2020-12-17,Port Meganville,Small,346
127,Bryant Seven Ltd,P254785699A,2021-04-08,North Terrance,Small,752
128,Morgan Room Ventures,P526794469P,2025-09-13,Port Markside,Small,773
129,Stewart Serious Group,P915401487F,2019-10-23,New Caseyport,Small,588
130,Francis Leader Agencies,P205702499W,2025-12-25,South Garrettport,Small,322
131,Williams Style Limited,P160257560S,2025-01-16,Nicholasberg,Medium,399
132,Jenkins Rest Limited,P950961305L,2018-06-14,East Christian,Small,741
133,Harvey Effect Ltd,P634366139L,2024-09-19,East Steven,Small,815
134,Scott Act Limited,P963968184D,2018-07-19,Ericaburgh,Small,459
135,Landry People Enterprise,P421214426O,2016-09-29,Vaughnmouth,Medium,679
136,Gonzalez If Ltd,P618840705G,2024-06-17,South Ashley,Small,726
137,Haney Find Group,P123557463Q,2021-10-03,Hillshire,Medium,716
138,Osborne Appear Limited,P751124015V,2024-08-29,Wallport,Small,584
139,Hall Suffer Group,P478301747O,2023-10-07,New John,Small,601
140,Saunders Responsibility Limited,P246865585O,2023-07-26,Lake Debbieport,Small,334
141,Johnson His Ltd,P886365312I,2023-11-23,West Markchester,Medium,717
142,Anderson Notice Enterprise,P492836532H,2017-10-06,Mariaview,Small,495
143,Raymond Sure Limited,P416905717V,2025-02-24,Lindamouth,Medium,792
144,Taylor Draw Enterprise,P826197069U,2025-08-21,Coffeyside,Medium,719
145,Gibbs Address Ltd,P383960237I,2019-09-01,South Miguelview,Medium,693
146,Carson Yard Group,P498866784G,2021-11-08,South Angel,Medium,491
147,Hoffman Whole Enterprise,P755070775O,2024-11-07,Lake Madisonport,Large,847
148,Wilson Answer Limited,P139956218T,2022-07-02,Wilsonbury,Small,395
149,Taylor Long Agencies,P498370582Q,2024-11-18,Matthewsberg,Small,668
150,Pena These Group,P625432379N,2024-11-11,Crosbyview,Medium,572
151,Wood Life Ltd,P577488537P,2016-05-02,Corystad,Small,641
152,Levine Her Group,P165015165Z,2021-06-14,Jamesville,Medium,476
153,Holloway Benefit Ventures,P811642514N,2025-07-01,North Kristinbury,Small,532
154,Buchanan Describe Enterprise,P173669588W,2025-11-24,New Jason,Small,754
155,Murphy Choose Ventures,P946799779M,2024-09-14,West Micheleberg,Large,683
156,Fernandez Success Ventures,P287364857H,2025-11-19,East Alexisbury,Small,666
157,Smith Evidence Group,P156263020I,2021-11-24,Foxland,Small,695
158,Strickland Must Ltd,P737444033G,2020-10-08,Gordonton,Small,768
159,Kerr Reason Ventures,P659903980T,2023-04-13,Schneidertown,Large,443
160,Mendoza Interest Ltd,P557707813R,2016-08-13,South Jennifermouth,Small,341
161,Miller Political Limited,P259272239E,2016-09-28,West Claudia,Small,522
162,Joseph I Limited,P741444618H,2021-11-11,Shawnchester,Small,514
163,Miles Tonight Group,P802992685P,2016-12-31,South Shannon,Small,308
164,Morgan Long Limited,P528133274A,2018-04-17,West Ronaldview,Medium,552
165,Hernandez Wind Agencies,P609241268E,2019-10-02,Port Christopherchester,Small,467
166,Rodgers Task Limited,P239710404J,2016-12-21,New Sueside,Small,493
167,Martinez Health Group,P814403943W,2019-04-22,Parrishton,Small,721
168,Burke He Enterprise,P211240259K,2025-09-10,East Diane,Small,664
169,Rodriguez Through Ltd,P697285504X,2018-04-02,Port Joshuabury,Medium,810
170,Bruce Speak Ltd,P978779150N,2024-01-30,New Sarahview,Small,369
171,Nelson Sound Ventures,P431769776V,2016-04-18,Adamberg,Small,744
172,Morales Change Ventures,P895609471O,2021-09-02,North Julieborough,Small,390
173,Chavez Coach Limited,P497341481T,2019-10-09,Kimberlyshire,Large,338
174,Ware Clearly Agencies,P269017588W,2021-12-21,Lake Christophermouth,Small,519
175,Tucker Letter Agencies,P544726404R,2022-08-18,Port William,Small,775
176,Rodriguez Resource Group,P828519068L,2019-06-17,Roseport,Medium,300
177,Foster Place Enterprise,P158821683A,2016-06-17,West Sierra,Small,489
178,Duran Figure Ltd,P452318696H,2023-09-07,South Julieburgh,Small,668
179,Patel Drug Ltd,P637152602J,2017-04-19,Charleston,Medium,416
180,Stevens Bank Agencies,P436146289K,2020-05-15,Berrychester,Medium,472
181,Sullivan Garden Group,P284547422Z,2018-11-26,Collierstad,Small,379
182,Richard Either Agencies,P567804106L,2016-11-20,Warrenfurt,Large,528
183,Reese Do Ventures,P457629711X,2024-09-18,North William,Small,831
184,Hicks Western Ltd,P933468715W,2017-02-23,Jessicaberg,Small,532
185,Thomas Decade Ltd,P286293158M,2018-05-16,Port Katherine,Medium,714
186,Bean Production Ltd,P630554118D,2016-10-05,Maldonadoshire,Medium,558
187,Downs Future Ltd,P773469560U,2022-06-09,South Carlos,Large,629
188,Turner Face Agencies,P735032128D,2020-06-06,Williamport,Small,672
189,Johnson Home Limited,P993027458S,2020-08-16,Lake Michelleland,Small,389
190,Hunter Maintain Limited,P723123952J,2022-02-27,South Reginashire,Small,839
191,Morris Maybe Ventures,P638339044J,2022-07-12,South Dalemouth,Small,801
192,Miller Race Ltd,P285283722C,2025-10-31,Lake Samuel,Small,760
193,Mills Cold Ventures,P490732457X,2020-05-27,Paulmouth,Small,846
194,Williams Program Group,P795038832V,2022-10-19,West Codyfurt,Large,555
195,Cummings Realize Group,P747145068J,2018-11-06,Christopherberg,Medium,749
196,Collins Reality Limited,P849987147Q,2025-03-05,Andersonland,Large,541
197,Bennett Strong Enterprise,P452699013I,2019-02-07,Lake Ellenhaven,Small,418
198,Cox Couple Ltd,P329987621V,2019-08-17,Leeberg,Medium,445
199,Phillips Story Ltd,P208599066G,2017-07-23,Lake Matthewberg,Small,581
200,Moore Course Ltd,P992649957S,2021-12-24,Lake Samuel,Large,760
201,Rhodes Economy Ltd,P576954730N,2020-02-12,Karenmouth,Small,398
202,Allen Table Ltd,P942211135E,2018-05-07,West Erika,Small,817
203,Alexander Specific Ventures,P402550088X,2021-09-17,Shawchester,Medium,736
204,Montoya Suddenly Group,P749252434I,2025-09-02,Brettfort,Medium,757
205,Spencer Board Enterprise,P863860982H,2024-10-01,West Christopherburgh,Small,377
206,Whitehead Choice Ltd,P992329618B,2018-09-26,East Lisastad,Small,350
207,Perry Individual Group,P639026034X,2025-04-25,South Virginia,Medium,745
208,Johnson Word Ltd,P206389694T,2019-10-04,Laceyberg,Medium,333
209,Lowery Marriage Ventures,P847401602I,2016-05-22,Westtown,Small,453
210,Smith Dinner Limited,P996534803J,2025-01-25,Rodriguezport,Small,417
211,Martinez Edge Enterprise,P550784243O,2018-05-21,Brownfort,Small,567
212,Smith Myself Ltd,P717452511P,2021-12-22,West Ruben,Small,688
213,Allen Keep Agencies,P301126777Q,2022-02-26,New Theresaland,Medium,700
214,Stephens Stop Group,P645055605J,2025-07-17,South Morganton,Medium,374
215,Zavala Environment Enterprise,P902425085B,2022-05-14,Kristinastad,Large,605
216,Sandoval Body Limited,P928393291L,2018-06-02,Dennisstad,Medium,634
217,Li Continue Enterprise,P991617660X,2021-06-20,Pollardfort,Small,607
218,Cain At Ltd,P868847524X,2022-04-29,Johnsonborough,Small,634
219,Gonzalez Analysis Ventures,P438868427T,2016-06-12,Haysside,Small,405
220,Johnson Radio Enterprise,P305195749S,2020-09-28,Michelleton,Medium,437
221,Rivera Capital Ltd,P958287383X,2024-08-31,Prestonmouth,Small,807
222,Hughes Culture Ventures,P632794158S,2024-12-15,Richardsonhaven,Small,845
223,Miller Language Agencies,P184747224B,2018-09-04,New Kelly,Small,504
224,Murphy Find Agencies,P429097422C,2017-01-12,Jacksonmouth,Medium,410
225,Williams True Ltd,P478557676N,2019-07-11,Hillton,Small,394
226,Walsh Himself Enterprise,P650921917Z,2016-10-04,North Douglas,Small,819
227,Harrington Already Ventures,P235538456E,2022-01-31,Port Deanna,Small,580
228,Herring Alone Enterprise,P749715626J,2019-08-18,Rushstad,Medium,392
229,Jones Certain Limited,P668503222X,2020-06-12,Edwardsview,Medium,350
230,Wilson Simply Enterprise,P299767568F,2018-07-03,Mcintyreville,Medium,765
231,Green Like Ventures,P330393232N,2018-08-17,Heatherfort,Small,833
232,Taylor Back Group,P585377142L,2018-01-04,Osbornmouth,Small,532
233,Mckinney Oil Ventures,P682152066S,2022-09-08,Melissaburgh,Small,845
234,Hicks Campaign Ltd,P315801027Y,2023-12-12,East Kristy,Small,372
235,Spencer Home Limited,P601873197Z,2016-04-09,New Nicole,Medium,420
236,Sanders Series Agencies,P871880418E,2016-08-31,Hammondshire,Small,649
237,Compton Quality Enterprise,P179634081C,2016-09-29,Frazierstad,Large,636
238,Calderon Ok Limited,P786973497L,2017-04-16,Port Tammy,Medium,307
239,Bartlett Around Ltd,P992699085H,2020-05-02,West Fred,Small,602
240,Fletcher Half Agencies,P657162259S,2019-03-27,West Jamesside,Small,327
241,Weber Possible Agencies,P672817675F,2018-10-02,New Shelly,Small,664
242,Hopkins Service Limited,P749762955V,2017-07-20,Port Michelleland,Small,611
243,May Part Enterprise,P384172112P,2016-06-18,Port Ashley,Medium,662
244,Johnson Visit Ventures,P773412230I,2022-03-10,Dawnport,Small,805
245,Ballard Reveal Agencies,P536038528T,2020-11-02,Joneston,Small,314
246,Perry Majority Ltd,P319068042V,2017-08-03,West Michelle,Medium,327
247,Travis Hair Limited,P528118701I,2019-03-15,Zacharyville,Small,572
248,Owens Example Agencies,P582750043P,2019-03-14,North Brent,Small,836
249,Lin Kid Ltd,P366578178K,2025-06-18,Sarahmouth,Small,324
250,Moore Myself Ventures,P601238919F,2017-11-27,Tylerland,Small,532
251,Wagner Effect Group,P331009561L,2025-06-17,Brandonport,Small,527
252,Khan Ready Agencies,P822113500E,2020-12-15,Amandaville,Small,668
253,Khan Short Ventures,P492750748W,2020-04-26,Diazfurt,Small,724
254,Hoffman Him Group,P694018597S,2016-07-08,South Williamside,Small,581
255,Hays Response Limited,P756102581H,2018-10-21,North Phillip,Small,614
256,Morgan Wrong Group,P492566853W,2023-12-16,East Carrie,Small,676
257,Williams American Ltd,P247141682T,2020-01-09,Lindahaven,Small,576
258,Obrien Myself Agencies,P250088694U,2020-07-30,Franciscoport,Small,815
259,Romero Mr Agencies,P671595541F,2021-12-11,Thomastown,Small,649
260,Nunez Keep Ltd,P726745401T,2019-09-10,New Thomasshire,Small,542
261,Griffith Past Group,P615877957K,2021-10-14,Hernandezbury,Large,522
262,Vaughan Break Agencies,P304853117B,2016-04-28,Edwardsberg,Small,374
263,Harris More Ventures,P932120169N,2020-02-20,Salaston,Small,417
264,Stone Option Ltd,P449019278Q,2023-01-25,Foxmouth,Small,740
265,Stevens No Limited,P467570835I,2025-07-29,Ericaview,Small,691
266,Lee Employee Limited,P399580835J,2022-02-09,Jeffreyport,Small,599
267,Bush Road Group,P856975382F,2023-09-21,Timothyside,Small,417
268,Pope Eye Ventures,P409011489H,2025-05-06,Huangfurt,Small,524
269,Blevins Summer Ventures,P257277541S,2024-03-11,West Stephanieland,Small,300
270,Ramos Establish Limited,P902448600E,2019-06-22,East Maria,Medium,849
271,Hoffman Expert Group,P247395716G,2018-09-20,East Brent,Small,810
272,Perez Early Ventures,P156361897G,2025-01-22,Riverafort,Small,558
273,Townsend Accept Ltd,P690936560K,2017-01-05,Delgadofort,Small,309
274,Gonzalez Field Group,P444851196S,2020-10-13,Port Christophershire,Small,471
275,Rodgers To Limited,P140048684L,2018-05-01,Khanburgh,Small,620
276,Johnson Think Group,P526269674Y,2025-05-07,Lopezport,Small,849
277,Smith Out Enterprise,P747233283G,2024-10-10,Justinside,Small,617
278,Small Center Ventures,P641394238D,2021-04-02,Jamesville,Large,633
279,Simon Raise Group,P376236056T,2019-04-25,North Jill,Medium,436
280,Bradley Sometimes Limited,P307405357L,2023-12-01,Wilcoxhaven,Small,846
281,Morales Beyond Ltd,P298407302I,2019-04-15,Morrisbury,Medium,648
282,Reyes Likely Enterprise,P909340042R,2016-01-28,Kevinshire,Medium,569
283,Valdez Room Ventures,P353727962D,2016-02-14,South Kurtfurt,Small,464
284,Leblanc View Group,P855438611X,2022-11-14,Hannahport,Small,377
285,Walker Cell Limited,P613443905J,2019-09-07,Adkinsstad,Large,341
286,Dunn Market Ltd,P913198930I,2020-03-02,Port John,Medium,594
287,Marks Beat Agencies,P664258474C,2023-07-23,Christianshire,Medium,721
288,Poole Weight Ltd,P642762599M,2017-02-16,East Mark,Medium,442
289,Wilson Describe Ltd,P869784803L,2021-03-18,Davishaven,Small,524
290,Brown Cause Limited,P651095672A,2020-06-18,Elliottside,Small,403
291,Roman Several Enterprise,P123375849Z,2020-08-19,Lisaborough,Small,497
292,Williams Guy Agencies,P852032540E,2021-10-16,North Valeriefort,Small,478
293,Ortiz Specific Limited,P245415636X,2016-04-28,Brooksfurt,Small,314
294,Stark Huge Group,P503346325F,2020-06-29,Lake Michelle,Small,777
295,Haney Increase Enterprise,P667840357I,2017-03-12,Port Adam,Medium,849
296,Evans Report Ltd,P872121274I,2016-03-27,Patelbury,Small,710
297,Reed Fact Ltd,P302379343U,2018-06-26,North Lisachester,Small,821
298,Mayer Visit Group,P116799547P,2022-02-27,North Craig,Medium,417
299,Harper Score Agencies,P152265802P,2016-05-05,South Scottside,Small,527
300,Shields Arrive Group,P250469429G,2018-03-07,Jimshire,Small,314
301,Harper Remember Group,P978731508U,2019-03-13,West Nancy,Small,456
302,Boyd Job Ventures,P422660441R,2025-11-12,New Stacyburgh,Medium,429
303,Simmons Mission Enterprise,P150341410W,2022-04-08,Floydmouth,Medium,591
304,Russell First Limited,P504221050L,2022-12-21,Allenbury,Small,368
305,Zimmerman Sure Ventures,P597169479D,2019-01-06,Faulknerside,Small,849
306,Price Especially Agencies,P318331154V,2021-04-23,South Melanieland,Small,645
307,Calderon Approach Agencies,P388258432Y,2021-05-13,Port Charlesshire,Medium,517
308,Hansen Measure Group,P324292944V,2023-04-02,Susantown,Small,509
309,Lee Site Ltd,P225967304V,2018-02-15,Rochaborough,Small,759
310,Allen Fund Ventures,P932701695S,2019-12-22,Owensstad,Small,623
311,Ward Us Group,P633947427D,2019-02-03,Port Tinafort,Large,426
312,Flores Democrat Limited,P498041381U,2023-08-17,Williamsbury,Medium,677
313,Smith On Ltd,P727099478L,2023-06-03,Phillipsborough,Small,328
314,James These Agencies,P363850592F,2019-04-22,Jonathanfort,Large,706
315,May Military Ltd,P594811370K,2025-09-03,Garyside,Small,704
316,Stark Occur Limited,P789137659D,2020-11-21,Port Melanieton,Medium,481
317,Gutierrez Thousand Ltd,P777210736O,2023-08-27,Lake Edwardborough,Small,670
318,Brooks Prepare Group,P784755860Q,2021-01-24,Hopkinstown,Small,608
319,Arnold Actually Ltd,P117959560H,2016-01-28,Amandaport,Small,612
320,Li Represent Group,P562324458Z,2016-03-06,North Samantha,Medium,543
321,Allen President Ltd,P665277813Q,2021-04-02,Josephfurt,Medium,685
322,Chung Machine Limited,P706666479P,2016-10-18,West Gabriella,Small,646
323,Valdez Toward Ltd,P797818850W,2024-06-27,North Richardfurt,Small,478
324,Brown Act Agencies,P854674236K,2021-07-15,South Meganmouth,Small,479
325,Hodge Beyond Agencies,P667106600C,2021-09-01,East Rachel,Small,460
326,Knight Experience Ltd,P149995533E,2022-12-06,Rachelshire,Medium,455
327,White To Limited,P437675369B,2022-08-04,New Douglas,Medium,383
328,Nicholson Woman Ltd,P182611003T,2024-03-19,New John,Small,641
329,Price Watch Ventures,P680424495V,2024-05-09,Camposberg,Small,659
330,Norris Bar Ltd,P637722224V,2023-11-30,Brianchester,Small,440
331,Jones Point Agencies,P925713533N,2018-05-01,Novakmouth,Medium,617
332,Nelson Little Agencies,P626781451O,2016-04-21,Angelafurt,Small,728
333,Frazier Recent Group,P508099975F,2020-04-29,Laurenland,Small,723
334,Moore Seek Enterprise,P941695782O,2016-10-29,Lake Peter,Small,670
335,Davis Yes Limited,P430999662C,2019-08-13,Kathleenville,Small,412
336,Lopez List Limited,P698058121J,2017-05-02,Garcialand,Small,563
337,Davis Piece Group,P942284665U,2019-07-19,Smithchester,Small,757
338,Miller Wear Enterprise,P700797791P,2019-11-20,Lake Oscar,Medium,679
339,Turner Mind Ltd,P256696327E,2017-05-25,South Joshua,Small,775
340,Patton Herself Limited,P370260533P,2019-01-02,Wheelerborough,Medium,307
341,Taylor According Ltd,P524871030V,2020-08-02,Brockmouth,Small,742
342,Jordan Than Group,P799045497M,2020-05-30,West Malik,Small,538
343,Harris Former Group,P290736564Z,2025-06-25,Kellyfort,Small,563
344,Casey Gas Limited,P503786306R,2025-09-08,Diazshire,Medium,387
345,Osborn Couple Agencies,P831983367X,2018-01-02,Lake Stevenborough,Medium,790
346,Carter Room Ventures,P174258554Y,2020-05-23,Chambersberg,Large,481
347,Allen Reason Group,P265510032T,2022-05-05,Mccormickland,Small,306
348,Harper Pass Limited,P530361198I,2020-07-01,Stephensstad,Small,450
349,Burnett Phone Group,P785240944F,2023-01-10,Port Johnstad,Small,680
350,Salazar Order Enterprise,P792596980R,2017-09-02,Rasmussenmouth,Small,381
351,Jordan Action Limited,P205877984Q,2025-08-31,New Julie,Large,822
352,Watts Do Limited,P578651079X,2021-08-03,Fordshire,Medium,770
353,Hernandez Ago Ventures,P618371508G,2022-11-30,Robertland,Medium,555
354,Shepard Change Agencies,P474015041T,2017-03-03,Stanleyborough,Small,352
355,Bailey Bill Ventures,P570477095U,2021-03-21,Floresport,Small,805
356,Page Agency Agencies,P468377143P,2016-06-15,Lake Laurenbury,Medium,457
357,Arnold Give Enterprise,P701133236B,2021-03-02,Hallfurt,Medium,427
358,Lopez Really Ltd,P564000836Z,2022-04-22,Lake Christinaborough,Small,508
359,Jordan Above Agencies,P856704108N,2020-07-03,West Karen,Medium,536
360,Brown Blue Ltd,P958459117I,2024-02-05,West Mark,Small,577
361,Baker Travel Enterprise,P625579419H,2020-08-01,Candicefurt,Small,741
362,Bailey Through Group,P591624059N,2021-11-17,Port Emily,Small,374
363,Sellers Performance Agencies,P191001735R,2024-01-06,West David,Large,341
364,White Rule Ventures,P251782582G,2019-01-23,Barnesberg,Small,333
365,Henderson Message Ltd,P782364690I,2021-10-03,New Garrett,Small,677
366,Lopez Thousand Ventures,P584258607N,2018-11-24,Port Michaeltown,Small,641
367,Lee If Group,P702994164G,2020-11-08,Ortizfort,Small,586
368,Larsen Middle Agencies,P279587066F,2020-03-01,Port Kathleenport,Medium,567
369,Walker Fight Group,P280613009X,2016-05-02,Cunninghamfort,Medium,754
370,Wilson Build Limited,P387643522X,2021-07-04,Amberton,Large,775
371,Alexander Discover Agencies,P556506372G,2023-08-11,West Nancy,Small,429
372,Baker Training Ventures,P976955647F,2016-04-30,Grimesville,Large,591
373,Young Talk Enterprise,P892005907L,2023-10-07,Michellechester,Small,448
374,Taylor Design Enterprise,P973521043N,2017-09-01,New Michaelview,Small,811
375,Jackson Score Ventures,P414214115S,2021-12-23,Stephaniehaven,Medium,526
376,Shelton Beyond Agencies,P245587477W,2025-11-11,Sellersview,Small,705
377,Martinez Tree Group,P242475723P,2024-09-05,Lake Marc,Small,847
378,Bridges Increase Ventures,P625552311J,2018-06-26,Courtneyfurt,Small,543
379,Schultz Up Enterprise,P925583165F,2020-07-12,Robertsonview,Medium,806
380,Wiley Look Group,P624033772U,2022-12-15,Port Kimland,Small,500
381,Ellis Red Limited,P848708337W,2023-04-27,Port Amandaborough,Small,372
382,Summers Miss Ltd,P388339233U,2025-09-09,Matthewshire,Small,516
383,Phelps Story Group,P469087606R,2017-04-25,North Corymouth,Medium,341
384,Noble Coach Ltd,P573827182D,2016-03-03,South Jamesberg,Small,430
385,Turner Two Limited,P394226159F,2024-10-30,Johnstad,Medium,471
386,Banks Area Enterprise,P525568516O,2022-08-27,Jessicabury,Small,823
387,Davis Beyond Enterprise,P101166414N,2020-04-19,Millershire,Small,316
388,Frazier Act Limited,P108657116S,2018-04-09,Lisachester,Medium,796
389,Woods Drop Ventures,P511318205F,2022-12-13,North Lawrenceport,Small,515
390,Ayala Some Enterprise,P242964672P,2017-05-18,North Alyssa,Medium,380
391,Santos Less Group,P477084942U,2016-02-03,Lake Kaitlin,Medium,499
392,Jensen Level Ltd,P333264702F,2025-03-17,East Karenshire,Large,567
393,Bell Laugh Enterprise,P437695739Y,2023-04-23,East Joshua,Large,837
394,Tran Plan Limited,P874360740M,2016-11-06,Kimberlytown,Small,700
395,Barrett Fish Limited,P320595661H,2024-06-27,Lake Peter,Small,549
396,Bowers Student Agencies,P356990522F,2022-06-21,Rodriguezfort,Small,818
397,Jones Visit Ltd,P112956853X,2022-05-22,Davidshire,Small,797
398,Payne Consider Enterprise,P918970742E,2020-03-20,North Brendatown,Large,522
399,Williams As Agencies,P947493681Z,2018-08-18,Courtneyhaven,Small,701
400,Henderson Interest Enterprise,P188506190O,2023-09-06,West Christopher,Medium,572
401,Mccall System Agencies,P266834924I,2016-10-18,Peterland,Small,487
402,Kim Throughout Group,P356234948D,2019-02-10,North Sandy,Small,470
403,Salazar Around Limited,P432097676Q,2017-03-02,North Alexander,Medium,663
404,Smith Model Ltd,P472271797H,2017-05-19,Garyberg,Small,696
405,Marks Significant Limited,P226762436X,2023-07-04,West Lindsayview,Small,792
406,Baker Part Limited,P773808249E,2021-03-31,Gibsonstad,Medium,749
407,Villarreal Compare Enterprise,P494801749K,2016-07-24,Kerrishire,Medium,713
408,Wilson Sit Enterprise,P646346564A,2022-10-01,Port Michellebury,Medium,440
409,Cox Wife Limited,P261152186L,2016-06-19,New Lindachester,Large,338
410,Wright Whole Agencies,P873403266U,2018-04-03,Margaretshire,Small,776
411,Shaw Week Agencies,P156556289L,2019-09-26,Port Zachary,Small,571
412,Morales Understand Ventures,P599391065S,2016-06-19,Markside,Large,565
413,Wood Film Agencies,P705382875Y,2020-07-29,Jodibury,Small,658
414,Vargas Minute Ventures,P929587172X,2020-08-24,Lake Rachel,Medium,302
415,Sanchez According Group,P540272920B,2023-08-13,New Michael,Small,623
416,Wiley Government Limited,P101569849W,2024-05-27,Sweeneyport,Small,731
417,Moreno Economy Ltd,P550773824F,2017-01-17,East Jenniferland,Large,698
418,Hall Through Ltd,P658087211A,2016-06-12,Stephenland,Small,439
419,Wagner Public Enterprise,P980428452Z,2021-10-25,New Ashleychester,Large,360
420,Anderson Film Group,P380236885U,2022-08-19,Haynesmouth,Small,739
421,Nelson Bad Agencies,P317661025I,2019-03-10,East Danielmouth,Medium,361
422,Russell North Group,P484708210X,2020-09-01,South Kyle,Large,609
423,Wilson Coach Group,P967150570R,2018-08-29,Margaretton,Medium,665
424,Gates Choose Limited,P197939109T,2018-02-27,West Randy,Small,517
425,Evans Ten Ltd,P286689063B,2016-06-30,Bondside,Small,558
426,Wright Maintain Agencies,P209422179Z,2023-06-28,North Alexander,Medium,353
427,Haas Case Ltd,P312743722Z,2024-04-24,Ginaland,Small,319
428,Green Tax Limited,P180516876B,2021-10-31,East Rachelmouth,Small,789
429,Davis Throw Enterprise,P990514408Z,2024-02-07,Davidmouth,Medium,361
430,Glass Lead Ltd,P982277976U,2016-07-06,Crawfordfurt,Small,459
431,Thompson Difficult Enterprise,P300951978R,2022-11-03,Seanberg,Small,419
432,Harvey Else Group,P795009888S,2016-05-09,Jenkinsside,Small,628
433,Miller Identify Ventures,P247356051A,2020-10-18,Lake Nicole,Small,566
434,Mccoy Suffer Ltd,P683746914Y,2021-04-07,South Kimberlystad,Small,840
435,Harrington Guy Ltd,P707363258G,2020-10-21,Paulburgh,Small,631
436,Harper All Limited,P970471079X,2016-04-08,Brianfort,Medium,339
437,Wang Early Ltd,P271395839G,2021-04-21,Lake John,Small,525
438,Moody Since Ventures,P160031457W,2021-05-06,New Meghan,Small,627
439,Kelly Those Enterprise,P286521875L,2023-12-25,New Louis,Medium,753
440,Howard Perhaps Group,P130286569T,2023-05-23,Staceyshire,Small,413
441,Vaughan Think Group,P970161616F,2017-06-06,Gregoryton,Small,648
442,Hall Discuss Enterprise,P121397518H,2016-11-28,Smithborough,Medium,339
443,Peterson Cost Limited,P961596686U,2024-01-27,North Dylanberg,Small,588
444,Mathis Traditional Agencies,P491797490E,2023-10-02,Janetfurt,Small,635
445,Rogers Future Ventures,P246513857K,2021-11-13,Connerfort,Medium,662
446,Thompson Or Group,P844704803N,2022-07-02,Jeffreyshire,Medium,469
447,Gray Similar Ventures,P839269574S,2024-02-26,East Jessica,Medium,721
448,Fry Include Ventures,P927672827K,2025-06-30,East Carriebury,Small,330
449,Garcia Model Limited,P251014666V,2022-05-28,East Michaelmouth,Small,662
450,Mcclure Behavior Group,P982252644T,2017-09-08,Seanview,Medium,381
451,Steele Hard Ventures,P375584366Y,2018-02-07,Lake Aaronfurt,Small,823
452,Barnes Compare Limited,P544549689F,2020-05-22,Bellfurt,Small,345
453,Mendoza Treat Enterprise,P720682356P,2017-01-08,East Shannon,Large,316
454,Johnson Again Limited,P442219677Q,2024-01-01,North Matthewfurt,Medium,664
455,Jones Year Enterprise,P199970392V,2017-08-13,Bushchester,Small,766
456,Martin Voice Agencies,P566219118K,2025-06-07,North Markborough,Small,532
457,Spencer Wish Limited,P883803621I,2020-02-07,Donnaport,Small,634
458,Williams Owner Agencies,P690195758F,2018-05-20,North Michael,Medium,577
459,Phillips Recently Ventures,P771186296M,2020-04-14,Gonzaleztown,Small,783
460,Little Beat Limited,P608492614H,2018-01-28,Kristenfort,Large,491
461,Guerrero Benefit Ltd,P789198776I,2020-11-24,Lopezfurt,Medium,700
462,Griffin Everyone Limited,P572167680D,2019-09-14,Jeremyview,Small,321
463,Hernandez Same Limited,P816688804G,2021-08-26,Lake Mauriceside,Small,509
464,Avila Dream Limited,P694425527D,2020-02-24,Cardenaschester,Large,584
465,Mcdaniel Would Ventures,P609838807K,2025-08-31,South Kent,Medium,526
466,Nash Already Ventures,P639127345K,2019-12-16,North Stacy,Medium,306
467,Rush Computer Group,P327515325Z,2020-07-01,East Brad,Small,378
468,Vega Defense Enterprise,P983221403O,2016-10-16,Port Brooke,Small,837
469,Acosta Surface Limited,P171953537F,2019-03-17,Hawkinsside,Small,584
470,Hill Low Ventures,P113275526Y,2019-04-09,Rodriguezberg,Small,696
471,Matthews Son Ltd,P207593219G,2017-06-28,Port Justinside,Small,456
472,Humphrey Everything Enterprise,P511289794P,2024-10-23,Armstrongfort,Small,429
473,Hill Charge Agencies,P763834967M,2016-05-19,Williamsmouth,Small,758
474,Williams May Enterprise,P388390253X,2022-11-30,West Lisaport,Medium,681
475,Cameron Toward Ventures,P847520637R,2019-02-12,Port Jeremyport,Small,320
476,Ramos That Group,P444529729R,2025-10-01,Jacobsland,Medium,752
477,Lewis Than Enterprise,P537195843V,2017-11-20,Malonestad,Small,826
478,Robertson Cold Limited,P170455681T,2024-03-21,Taylorhaven,Small,823
479,Johnson Data Limited,P994351711M,2024-10-20,East Antonioton,Medium,507
480,Bush Eye Enterprise,P495514868D,2025-03-10,Reidville,Large,729
481,Allen Middle Ltd,P737849448C,2022-10-27,Port Thomas,Medium,608
482,Cooper Third Enterprise,P377733976V,2021-07-10,West Anthonyton,Medium,498
483,Armstrong Difficult Enterprise,P337673911P,2017-08-21,Lake Jamie,Medium,835
484,Palmer Treatment Ventures,P937844678X,2022-07-11,South Rhondaburgh,Large,826
485,Smith Entire Ltd,P753204271Z,2022-01-07,Jenniferview,Small,754
486,Bennett Happy Ltd,P592845370Q,2020-03-31,South Kevin,Medium,820
487,Hanson Pattern Agencies,P209856785A,2021-03-19,Annaport,Small,800
488,Rodriguez Attack Group,P461081823R,2018-12-29,Michelleview,Small,694
489,Farley Reach Group,P420824516M,2022-07-27,New Kathy,Small,573
490,Trujillo Suffer Agencies,P969761986M,2025-01-02,Guerreroberg,Small,665
491,Rios Find Agencies,P378556835A,2023-03-22,Priceton,Small,600
492,Cooley Team Ltd,P303919854V,2021-11-02,Lake Amanda,Medium,401
493,Knox Remain Ltd,P484933362G,2023-11-10,Meganside,Small,513
494,Davis Career Enterprise,P895555607Q,2017-10-26,Lake Rachel,Small,700
495,Walker Dog Ventures,P899089320T,2022-07-21,Frenchmouth,Large,762
496,Richards Major Agencies,P226466892E,2019-09-22,Port Cynthiashire,Medium,541
497,Jones Visit Ventures,P308889819G,2025-06-14,Port Erinhaven,Small,524
498,Brown Too Ltd,P261897130I,2018-12-28,West Robert,Medium,415
499,Knox Lot Limited,P253785761U,2021-09-14,Port Christopher,Small,493
500,Hatfield Form Agencies,P781288086D,2019-05-03,South Joshuaburgh,Small,421
